Exercício;"Código";"Título";"Descrição";"Tipo";
2025;"1";"Ambiental";"Consolida atributos que permitam identificar e acompanhar as ações governamentais direcionadas à preservação dos recursos naturais, como florestas, recursos hídricos e biodiversidade, de forma integrada com a transição para uma economia de baixo carbono, propiciando a inclusão social e a melhoria da qualidade de vida da sociedade.";"Agenda Transversal";
2025;"201";"Ambiental: Bioeconomia e produção sustentável";"Ambiental para o tema de bioeconomia e produção sustentável";"Ambiental";
2025;"197";"Ambiental: Combate ao desmatamento, prevenção e controle de incêndios";"Agenda ambiental para o tema combate ao desmatamento, prevenção e controle de incêndios";"Ambiental";
2025;"198";"Ambiental: Conservação, proteção e recuperação da biodiversidade, de ecossistemas e biomas";"Ambiental para o tema de biodiversidade";"Ambiental";
2025;"229";"Ambiental: Enfrentamento da emergência climática, gestão de riscos e de desastres";"Ambiental: Enfrentamento da emergência climática, gestão de riscos e de desastres";"Ambiental";
2025;"199";"Ambiental: Gestão e conservação dos recursos hídricos";"Ambiental para o tema de recursos hídricos";"Ambiental";
2025;"200";"Ambiental: Gestão e conservação dos recursos marinhos e zona costeira";"Ambiental para o tema de zona costeira";"Ambiental";
2025;"202";"Ambiental: Qualidade ambiental em áreas urbanas e rurais";"Ambiental para o tema de áreas urbanas";"Ambiental";
2025;"10";"Combate à Fome e Redução das Desigualdades";"A agenda estrutura-se em torno dos eixos de 1) Acesso à renda, redução da pobreza e promoção da cidadania,2) Segurança Alimentar e Nutricional: alimentação saudável da produção ao consumo, e 3) Mobilização para combater a fome.";"Prioridade";
2025;"13";"Combate ao Desmatamento e Enfrentamento da Emergência Climática";"Combate ao Desmatamento e Enfrentamento da Emergência Climática";"Ambiental";
2025;"9";"Crianças e Adolescentes";"A Agenda envolve o programa ?Promoção e Proteção Integral dos Direitos Humanos de Crianças e Adolescentes com Absoluta Prioridade? e objetivos específicos e entregas do PPA referentes a vários outros programas, tais como as relativas a ações de educação básica, da saúde, de proteção social, ações de combate ao trabalho infantil, de inclusão digital, etc.";"Agenda Transversal";
2025;"203";"Crianças e Adolescentes: Alimentação e renda";"Agenda de crianças e adolescente para alimentação e renda";"Crianças e Adolescentes";
2025;"209";"Crianças e Adolescentes: Capacidade institucional";"Crianças e Adolescentes: Capacidade institucional";"Crianças e Adolescentes";
2025;"208";"Crianças e Adolescentes: Cultura, esporte e lazer";"Crianças e Adolescentes: Cultura, esporte e lazer";"Crianças e Adolescentes";
2025;"204";"Crianças e Adolescentes: Educação";"Agenda de Crianças e Adolescentes para o tema de educação e informação";"Crianças e Adolescentes";
2025;"206";"Crianças e Adolescentes: Moradia e saneamento";" Crianças e Adolescentes: Moradia, água e saneamento";"Crianças e Adolescentes";
2025;"205";"Crianças e Adolescentes: Prevenção à violência e promoção dos direitos";"Agenda de crianças e adolescente para o tema de trabalho infantil";"Crianças e Adolescentes";
2025;"210";"Crianças e Adolescentes: Primeira Infância";"Crianças e Adolescentes: Primeira Infância";"Crianças e Adolescentes";
2025;"207";"Crianças e Adolescentes: Saúde";"Crianças e Adolescentes: Saúde";"Crianças e Adolescentes";
2025;"11";"Educação Básica";"Educação Básica";"Prioridade";
2025;"5";"Igualdade Racial";"A Agenda envolve os programas ?Promoção da Igualdade Étnico-Racial, Combate e Superação do Racismo?, ?Políticas para Quilombolas, Comunidades Tradicionais de Matriz Africana, Povos de Terreiros e Povos Ciganos, e ?Juventude Negra Viva?. Adicionalmente, a agenda é composta por políticas presentes em vários outros programas, tais como as da educação que priorizarão os grupos mais vulnerabilizados, das ações de ampliação do acesso aos serviços públicos sociais nas periferias, ações de apoio à agricultura familiar e à reforma agrária direcionadas aos quilombolas e povos e comunidades tradicionais, etc";"Agenda Transversal";
2025;"216";"Igualdade Racial: Capacidade institucional";"Igualdade Racial: Capacidade institucional, articulação e participação";"Igualdade Racial";
2025;"214";"Igualdade Racial: Direito à terra e à produção";"Igualdade Racial: Direito à terra e à produção";"Igualdade Racial";
2025;"212";"Igualdade Racial: Educação e formação para inclusão e empregabilidade";"Igualdade Racial: Educação e formação para inclusão e empregabilidade";"Igualdade Racial";
2025;"211";"Igualdade Racial: Enfrentamento à violência, promoção de direitos e cidadania plena";"Igualdade Racial: Garantia de direitos e cidadania plena";"Igualdade Racial";
2025;"215";"Igualdade Racial: Políticas para quilombolas e outros povos e comunidades tradicionais";"Igualdade Racial: Políticas para quilombolas";"Igualdade Racial";
2025;"213";"Igualdade Racial: Proteção e promoção da cultura, história, memória e saberes ancestrais";"Igualdade Racial: Proteção e promoção da cultura, história, memória e saberes ancestrais";"Igualdade Racial";
2025;"230";"Igualdade Racial: Titulação de Territórios Quilombolas";"Igualdade Racial: Titulação de Territórios Quilombolas";"Igualdade Racial";
2025;"194";"Juventude";"Juventude";"Agenda Transversal";
2025;"7";"Mulheres";"A Agenda envolve os programas ?Autonomia Política e Econômica das Mulheres?, ?Igualdade de Decisão e Poder para as Mulheres?, e ?Mulher: Viver Sem Violência?. Além disso, a agenda contém políticas presentes em vários outros programas, a exemplo da saúde da mulher, de expansão da oferta de educação profissional, de apoio à agricultura familiar, de apoio às pescadoras, etc.";"Agenda Transversal";
2025;"218";"Mulheres: Autonomia econômica";"Mulheres: Autonomia econômica";"Mulheres";
2025;"221";"Mulheres: Capacidade institucional";"Mulheres: Capacidade institucional";"Mulheres";
2025;"233";"Mulheres: Direito à moradia, cultura, esporte e lazer";"Mulheres: Direito à moradia, cultura, esporte e lazer";"Mulheres";
2025;"231";"Mulheres: Educação para a Igualdade e Cidadania";"Mulheres: Educação para a Igualdade e Cidadania";"Mulheres";
2025;"219";"Mulheres: Igualdade de decisão e poder";"Mulheres: Igualdade de decisão e poder";"Mulheres";
2025;"232";"Mulheres: Proteção Social";"Mulheres: Proteção Social";"Mulheres";
2025;"220";"Mulheres: Saúde e ambiente";"Mulheres: Saúde e ambiente";"Mulheres";
2025;"217";"Mulheres: Viver sem violência";"Mulheres: Viver sem violência";"Mulheres";
2025;"15";"Neoindustrialização, Trabalho, Emprego e Renda";"Neoindustrialização, Trabalho, Emprego e Renda ";"Prioridade";
2025;"14";"Novo Programa de Aceleração do Crescimento ? Novo PAC";"Novo Programa de Aceleração do Crescimento ? Novo PAC";"Prioridade";
2025;"33";"ODS Meta 10.1";"Até 2030, progressivamente, alcançar e sustentar o crescimento da renda dos 40% da população mais pobre a uma taxa maior que a média nacional.";"ODS 10";
2025;"34";"ODS Meta 10.2";"Até 2030, empoderar e promover a inclusão social, econômica e política de todos, independentemente da idade, gênero, deficiência, raça, etnia, origem, religião, condição econômica ou outra.";"ODS 10";
2025;"53";"ODS Meta 10.3";"Garantir a igualdade de oportunidades e reduzir as desigualdades de resultado, inclusive por meio da eliminação de leis, políticas e práticas discriminatórias e promover legislação, políticas e ações adequadas a este respeito.";"ODS 10";
2025;"54";"ODS Meta 10.4";"Adotar políticas, especialmente fiscal, salarial e de proteção social, além de alcançar progressivamente uma maior igualdade.";"ODS 10";
2025;"141";"ODS Meta 10.5";"Melhorar a regulamentação e monitoramento dos mercados e instituições financeiras globais e fortalecer a implementação de tais regulamentações ";"ODS 10";
2025;"142";"ODS Meta 10.6";"Assegurar uma representação e voz mais forte dos países em desenvolvimento em tomadas de decisão nas instituições econômicas e financeiras internacionais globais, a fim de produzir instituições mais eficazes, críveis, responsáveis e legítimas";"ODS 10";
2025;"143";"ODS Meta 10.7";"Facilitar a migração e a mobilidade ordenada, segura, regular e responsável das pessoas, inclusive por meio da implementação de políticas de migração planejadas e bem geridas";"ODS 10";
2025;"144";"ODS Meta 10.a";"Implementar o princípio do tratamento especial e diferenciado para países em desenvolvimento, em particular os países menos desenvolvidos, em conformidade com os acordos da OMC";"ODS 10";
2025;"145";"ODS Meta 10.b";"Incentivar a assistência oficial ao desenvolvimento e fluxos financeiros, incluindo o investimento externo direto, para os Estados onde a necessidade é maior, em particular os países menos desenvolvidos, os países africanos, os pequenos Estados insulares em desenvolvimento e os países em desenvolvimento sem litoral, de acordo com seus planos e programas nacionais";"ODS 10";
2025;"146";"ODS Meta 10.c";"Até 2030, reduzir para menos de 3% os custos de transação de remessas dos migrantes e eliminar os corredores de remessas com custos superiores a 5%";"ODS 10";
2025;"115";"ODS Meta 1.1";"Até 2030, erradicar a pobreza extrema para todas as pessoas em todos os lugares, atualmente medida como pessoas vivendo com menos de US$ 1,25 por dia";"ODS 1";
2025;"55";"ODS Meta 11.1";"Até 2030, garantir o acesso de todos a habitação segura, adequada e a preço acessível, e aos serviços básicos. Urbanizar as favelas.";"ODS 11";
2025;"56";"ODS Meta 11.2";"Até 2030, proporcionar o acesso a sistemas de transporte seguros, acessíveis, sustentáveis e a preço acessível para todos, melhorando a segurança rodoviária por meio da expansão dos transportes públicos, com especial atenção para as necessidades das pessoas em situação de vulnerabilidade, mulheres, crianças, pessoas com deficiência e idosos.";"ODS 11";
2025;"57";"ODS Meta 11.3";"Até 2030, aumentar a urbanização inclusiva e sustentável e as capacidades para o planejamento e gestão de assentamentos humanos participativos, integrados e sustentáveis em todos os países.";"ODS 11";
2025;"58";"ODS Meta 11.4";"Fortalecer esforços para proteger e salvaguardar o patrimônio cultural e natural do mundo.";"ODS 11";
2025;"59";"ODS Meta 11.5";"Até 2030, reduzir significativamente o número de mortes e o número de pessoas afetadas ??por catástrofes. Diminuir substancialmente as perdas econômicas diretas causadas por elas em relação ao PIB global, incluindo os desastres relacionados à água, com o foco em proteger os pobres e as pessoas em situação de vulnerabilidade.";"ODS 11";
2025;"147";"ODS Meta 11.6";"Até 2030, reduzir o impacto ambiental negativo per capita das cidades, inclusive prestando especial atenção à qualidade do ar, gestão de resíduos municipais e outros";"ODS 11";
2025;"60";"ODS Meta 11.7";"Até 2030, proporcionar o acesso universal a espaços públicos seguros, inclusivos, acessíveis e verdes, particularmente para as mulheres e crianças, pessoas idosas e pessoas com deficiência.";"ODS 11";
2025;"61";"ODS Meta 11.a";"Apoiar relações econômicas, sociais e ambientais positivas entre áreas urbanas, peri-urbanas e rurais, reforçando o planejamento nacional e regional de desenvolvimento.";"ODS 11";
2025;"148";"ODS Meta 11.b";"Até 2020, aumentar substancialmente o número de cidades e assentamentos humanos adotando e implementando políticas e planos integrados para a inclusão, a eficiência dos recursos, mitigação e adaptação às mudanças climáticas, a resiliência a desastres, e desenvolver e implementar, de acordo com o Marco de Sendai para a Redução do Risco de Desastres 2015-2030, o gerenciamento holístico do risco de 30 desastres em todos os níveis ";"ODS 11";
2025;"62";"ODS Meta 11.c";"Apoiar os países menos desenvolvidos, inclusive por meio de assistência técnica e financeira, para construções sustentáveis e resilientes, utilizando materiais locais.";"ODS 11";
2025;"116";"ODS Meta 1.2";"Até 2030, reduzir pelo menos à metade a proporção de homens, mulheres e crianças, de todas as idades, que vivem na pobreza, em todas as suas dimensões, de acordo com as definições nacionais ";"ODS 1";
2025;"149";"ODS Meta 12.1";" Implementar o Plano Decenal de Programas sobre Produção e Consumo Sustentáveis (10YFP), com todos os países tomando medidas, e os países desenvolvidos assumindo a liderança, tendo em conta o desenvolvimento e as capacidades dos países em desenvolvimento";"ODS 12";
2025;"63";"ODS Meta 12.2";"Até 2030, alcançar a gestão sustentável e o uso eficiente dos recursos naturais.";"ODS 12";
2025;"64";"ODS Meta 12.3";"Até 2030, reduzir pela metade o desperdício de alimentos per capita mundial, em nível de varejo e do consumidor, e reduzir as perdas de alimentos ao longo das cadeias de produção e abastecimento, incluindo as perdas pós-colheita.";"ODS 12";
2025;"65";"ODS Meta 12.4";"Até 2020, alcançar o manejo ambientalmente saudável dos produtos químicos e todos os resíduos, ao longo de todo o ciclo de vida destes, de acordo com os marcos internacionais acordados, e reduzir significativamente a liberação destes para o ar, água e solo, para minimizar seus impactos negativos sobre a saúde humana e o meio ambiente.";"ODS 12";
2025;"66";"ODS Meta 12.5";"Até 2030, reduzir substancialmente a geração de resíduos por meio da prevenção, redução, reciclagem e reutilização.";"ODS 12";
2025;"152";"ODS Meta 12.6";" Incentivar as empresas, especialmente as empresas grandes e transnacionais, a adotar práticas sustentáveis e a integrar informações de sustentabilidade em seu ciclo de relatórios";"ODS 12";
2025;"67";"ODS Meta 12.7";"Promover práticas de compras públicas sustentáveis, de acordo com as políticas e prioridades nacionais.";"ODS 12";
2025;"68";"ODS Meta 12.8";"Até 2030, garantir que as pessoas, em todos os lugares, tenham informação relevante e conscientização para o desenvolvimento sustentável e estilos de vida em harmonia com a natureza.";"ODS 12";
2025;"150";"ODS Meta 12.a";"Apoiar países em desenvolvimento a fortalecer suas capacidades científicas e tecnológicas para mudar para padrões mais sustentáveis de produção e consumo";"ODS 12";
2025;"69";"ODS Meta 12.b";"Desenvolver e implementar ferramentas para monitorar os impactos do desenvolvimento sustentável para o turismo sustentável, que gera empregos e promove a cultura e os produtos locais.";"ODS 12";
2025;"151";"ODS Meta 12.c";"Racionalizar subsídios ineficientes aos combustíveis fósseis, que encorajam o consumo exagerado, eliminando as distorções de mercado, de acordo com as circunstâncias nacionais, inclusive por meio da reestruturação fiscal e a eliminação gradual desses subsídios prejudiciais, caso existam, para refletir os seus impactos ambientais, tendo plenamente em conta as necessidades específicas e condições dos países em desenvolvimento e minimizando os possíveis impactos adversos sobre o seu desenvolvimento de uma forma que proteja os pobres e as comunidades afetadas ";"ODS 12";
2025;"24";"ODS Meta 1.3";"Implementar, em nível nacional, medidas e sistemas de proteção social adequados, para todos, incluindo pisos, e até 2030 atingir a cobertura substancial dos pobres e vulneráveis.";"ODS 1";
2025;"70";"ODS Meta 13.1";"Reforçar a resiliência e a capacidade de adaptação a riscos relacionados ao clima e às catástrofes naturais em todos os países.";"ODS 13";
2025;"71";"ODS Meta 13.2";"Integrar medidas para as mudanças climáticas nas políticas, estratégias e planejamentos nacionais .";"ODS 13";
2025;"153";"ODS Meta 13.3";"Melhorar a educação, aumentar a conscientização e a capacidade humana e institucional sobre mitigação, adaptação, redução de impacto e alerta precoce da mudança do clima";"ODS 13";
2025;"154";"ODS Meta 13.a";"Implementar o compromisso assumido pelos países desenvolvidos partes da Convenção Quadro das Nações Unidas sobre Mudança do Clima [UNFCCC] para a meta de mobilizar conjuntamente US$ 100 bilhões por ano a partir de 2020, de todas as fontes, para atender às necessidades dos países em desenvolvimento, no contexto das ações de mitigação significativas e transparência na implementação, e operacionalizar plenamente o Fundo Verde para o Clima por meio de sua capitalização o mais cedo possível. ";"ODS 13";
2025;"72";"ODS Meta 13.b";"Promover mecanismos para a criação de capacidades para o planejamento relacionado à mudança do clima e à gestão eficaz, nos países menos desenvolvidos, inclusive com foco em mulheres, jovens, comunidades locais e marginalizadas.";"ODS 13";
2025;"25";"ODS Meta 1.4";"Até 2030, garantir que todos os homens e mulheres, particularmente os mais pobres e vulneráveis, tenham direitos iguais aos recursos econômicos, bem como o acesso a serviços básicos, propriedade e controle sobre a terra e outras formas de propriedade, herança, recursos naturais, novas tecnologias apropriadas e serviços financeiros, incluindo microfinanças.";"ODS 1";
2025;"38";"ODS Meta 14.1";"Até 2025, prevenir e reduzir significativamente a poluição marinha de todos os tipos, especialmente a advinda de atividades terrestres, incluindo detritos marinhos e a poluição por nutrientes.";"ODS 14";
2025;"155";"ODS Meta 14.2";"Até 2020, gerir de forma sustentável e proteger os ecossistemas marinhos e costeiros para evitar impactos adversos significativos, inclusive por meio do reforço da sua capacidade de resiliência, e tomar medidas para a sua restauração, a fim de assegurar oceanos saudáveis e produtivos";"ODS 14";
2025;"156";"ODS Meta 14.3";"Minimizar e enfrentar os impactos da acidificação dos oceanos, inclusive por meio do reforço da cooperação científica em todos os níveis";"ODS 14";
2025;"157";"ODS Meta 14.4";"Até 2020, efetivamente regular a coleta, e acabar com a sobrepesca, ilegal, não reportada e não regulamentada e as práticas de pesca destrutivas, e implementar planos de gestão com base científica, para restaurar populações de peixes no menor tempo possível, pelo menos a níveis que possam produzir rendimento máximo sustentável, como determinado por suas características biológicas";"ODS 14";
2025;"39";"ODS Meta 14.5";"Até 2020, conservar pelo menos 10% das zonas costeiras e marinhas, de acordo com a legislação nacional e internacional e com base na melhor informação científica disponível.";"ODS 14";
2025;"158";"ODS Meta 14.6";"Até 2020, proibir certas formas de subsídios à pesca, que contribuem para a sobrecapacidade e a sobrepesca, e eliminar os subsídios que contribuam para a pesca ilegal, não reportada e não regulamentada, e abster-se de introduzir novos subsídios como estes, reconhecendo que o tratamento especial e diferenciado adequado e eficaz para os países em desenvolvimento e os países menos desenvolvidos deve ser parte integrante da negociação sobre subsídios à pesca da Organização Mundial do Comércio2";"ODS 14";
2025;"159";"ODS Meta 14.7";"Até 2030, aumentar os benefícios econômicos para os pequenos Estados insulares em desenvolvimento e os países menos desenvolvidos, a partir do uso sustentável dos recursos marinhos, inclusive por meio de uma gestão sustentável da pesca, aquicultura e turismo";"ODS 14";
2025;"160";"ODS Meta 14.a";"Aumentar o conhecimento científico, desenvolver capacidades de pesquisa e transferir tecnologia marinha, tendo em conta os critérios e orientações sobre a Transferência de Tecnologia Marinha da Comissão Oceanográfica Intergovernamental, a fim de melhorar a saúde dos oceanos e aumentar a contribuição da biodiversidade marinha para o desenvolvimento dos países em desenvolvimento, em particular os pequenos Estados insulares em desenvolvimento e os países menos desenvolvidos ";"ODS 14";
2025;"161";"ODS Meta 14.b";"Proporcionar o acesso dos pescadores artesanais de pequena escala aos recursos marinhos e mercados";"ODS 14";
2025;"162";"ODS Meta 14.c";"Assegurar a conservação e o uso sustentável dos oceanos e seus recursos pela implementação do direito internacional, como refletido na UNCLOS [Convenção das Nações Unidas sobre o Direito do Mar], que provê o arcabouço legal para a conservação e utilização sustentável dos oceanos e dos seus recursos, conforme registrado no parágrafo 158 do ?Futuro Que Queremos? ";"ODS 14";
2025;"26";"ODS Meta 1.5";"Até 2030, construir a resiliência dos pobres e daqueles em situação de vulnerabilidade, e reduzir a exposição e vulnerabilidade destes a eventos extremos relacionados com o clima e outros choques e desastres econômicos, sociais e ambientais.";"ODS 1";
2025;"40";"ODS Meta 15.1";"Até 2020, assegurar a conservação, recuperação e uso sustentável de ecossistemas terrestres e de água doce interiores e seus serviços, em especial florestas, zonas úmidas, montanhas e terras áridas, em conformidade com as obrigações decorrentes dos acordos internacionais.";"ODS 15";
2025;"41";"ODS Meta 15.2";"Até 2020, promover a implementação da gestão sustentável de todos os tipos de florestas, deter o desmatamento, restaurar florestas degradadas e aumentar substancialmente o florestamento e o reflorestamento globalmente.";"ODS 15";
2025;"163";"ODS Meta 15.3";"Até 2030, combater a desertificação, restaurar a terra e o solo degradado, incluindo terrenos afetados pela desertificação, secas e inundações, e lutar para alcançar um mundo neutro em termos de degradação do solo";"ODS 15";
2025;"164";"ODS Meta 15.4";"Até 2030, assegurar a conservação dos ecossistemas de montanha, incluindo a sua biodiversidade, para melhorar a sua capacidade de proporcionar benefícios que são essenciais para o desenvolvimento sustentável";"ODS 15";
2025;"165";"ODS Meta 15.5";"Tomar medidas urgentes e significativas para reduzir a degradação de habitat naturais, deter a perda de biodiversidade e, até 2020, proteger e evitar a extinção de espécies ameaçadas";"ODS 15";
2025;"166";"ODS Meta 15.6";"Garantir uma repartição justa e equitativa dos benefícios derivados da utilização dos recursos genéticos e promover o acesso adequado aos recursos genéticos";"ODS 15";
2025;"167";"ODS Meta 15.7";"Tomar medidas urgentes para acabar com a caça ilegal e o tráfico de espécies da flora e fauna protegidas e abordar tanto a demanda quanto a oferta de produtos ilegais da vida selvagem";"ODS 15";
2025;"168";"ODS Meta 15.8";"Até 2020, implementar medidas para evitar a introdução e reduzir significativamente o impacto de espécies exóticas invasoras em ecossistemas terrestres e aquáticos, e controlar ou erradicar as espécies prioritárias";"ODS 15";
2025;"169";"ODS Meta 15.9";"Até 2020, integrar os valores dos ecossistemas e da biodiversidade ao planejamento nacional e local, nos processos de desenvolvimento, nas estratégias de redução da pobreza e nos sistemas de contas";"ODS 15";
2025;"42";"ODS Meta 15.a";"Mobilizar e aumentar significativamente, a partir de todas as fontes, os recursos financeiros para a conservação e o uso sustentável da biodiversidade e dos ecossistemas.";"ODS 15";
2025;"170";"ODS Meta 15.b";" Mobilizar recursos significativos de todas as fontes e em todos os níveis para financiar o manejo florestal sustentável e proporcionar incentivos adequados aos países em desenvolvimento para promover o manejo florestal sustentável, inclusive para a conservação e o reflorestamento ";"ODS 15";
2025;"171";"ODS Meta 15.c";"Reforçar o apoio global para os esforços de combate à caça ilegal e ao tráfico de espécies protegidas, inclusive por meio do aumento da capacidade das comunidades locais para buscar oportunidades de subsistência sustentável ";"ODS 15";
2025;"43";"ODS Meta 16.1";"Reduzir significativamente todas as formas de violência e as taxas de mortalidade relacionada, em todos os lugares.";"ODS 16";
2025;"44";"ODS Meta 16.10";"Assegurar o acesso público à informação e proteger as liberdades fundamentais, em conformidade com a legislação nacional e os acordos internacionais.";"ODS 16";
2025;"45";"ODS Meta 16.2";"Acabar com abuso, exploração, tráfico e todas as formas de violência e tortura contra crianças.";"ODS 16";
2025;"46";"ODS Meta 16.3";"Promover o Estado de Direito, em nível nacional e internacional, e garantir a igualdade de acesso à justiça para todos.";"ODS 16";
2025;"47";"ODS Meta 16.4";"Até 2030, reduzir significativamente os fluxos financeiros e de armas ilegais, reforçar a recuperação e devolução de recursos roubados, e combater todas as formas de crime organizado.";"ODS 16";
2025;"48";"ODS Meta 16.5";"Reduzir substancialmente a corrupção e o suborno em todas as suas formas.";"ODS 16";
2025;"49";"ODS Meta 16.6";"Desenvolver instituições eficazes, responsáveis e transparentes em todos os níveis.";"ODS 16";
2025;"50";"ODS Meta 16.7";"Garantir a tomada de decisão responsiva, inclusiva, participativa e representativa em todos os níveis.";"ODS 16";
2025;"172";"ODS Meta 16.8";"Ampliar e fortalecer a participação dos países em desenvolvimento nas instituições de governança global ";"ODS 16";
2025;"173";"ODS Meta 16.9";"Até 2030, fornecer identidade legal para todos, incluindo o registro de nascimento";"ODS 16";
2025;"174";"ODS Meta 16.a";" Fortalecer as instituições nacionais relevantes, inclusive por meio da cooperação internacional, para a construção de capacidades em todos os níveis, em particular nos países em desenvolvimento, para a prevenção da violência e o combate ao terrorismo e ao crime ";"ODS 16";
2025;"175";"ODS Meta 16.b";"Promover e fazer cumprir leis e políticas não discriminatórias para o desenvolvimento sustentável ";"ODS 16";
2025;"51";"ODS Meta 17.1";"Fortalecer a mobilização de recursos internos, inclusive por meio do apoio internacional aos países em desenvolvimento, para melhorar a capacidade nacional para arrecadação de impostos e outras receitas.";"ODS 17";
2025;"184";"ODS Meta 17.10";" Promover um sistema multilateral de comércio universal, baseado em regras, aberto, não discriminatório e equitativo no âmbito da Organização Mundial do Comércio, inclusive por meio da conclusão das negociações no âmbito de sua Agenda de Desenvolvimento de Doha";"ODS 17";
2025;"185";"ODS Meta 17.11";"Aumentar significativamente as exportações dos países em desenvolvimento, em particular com o objetivo de duplicar a participação dos países menos desenvolvidos nas exportações globais até 2020";"ODS 17";
2025;"186";"ODS Meta 17.12";"Concretizar a implementação oportuna de acesso a mercados livres de cotas e taxas, de forma duradoura, para todos os países menos desenvolvidos, de acordo com as decisões da OMC, inclusive por meio de garantias de que as regras de origem preferenciais aplicáveis às importações provenientes de países menos desenvolvidos sejam transparentes e simples, e contribuam para facilitar o acesso ao mercado";"ODS 17";
2025;"187";"ODS Meta 17.13";"Aumentar a estabilidade macroeconômica global, inclusive por meio da coordenação e da coerência de políticas ";"ODS 17";
2025;"188";"ODS Meta 17.14";"Aumentar a coerência das políticas para o desenvolvimento sustentável";"ODS 17";
2025;"189";"ODS Meta 17.15";" Respeitar o espaço político e a liderança de cada país para estabelecer e implementar políticas para a erradicação da pobreza e o desenvolvimento sustentável ";"ODS 17";
2025;"190";"ODS Meta 17.16";" Reforçar a parceria global para o desenvolvimento sustentável, complementada por parcerias multissetoriais que mobilizem e compartilhem conhecimento, expertise, tecnologia e recursos financeiros, para apoiar a realização dos objetivos do desenvolvimento sustentável em todos os países, particularmente nos países em desenvolvimento ";"ODS 17";
2025;"191";"ODS Meta 17.17";"Incentivar e promover parcerias públicas, público-privadas e com a sociedade civil eficazes, a partir da experiência das estratégias de mobilização de recursos dessas parcerias";"ODS 17";
2025;"52";"ODS Meta 17.18";"Até 2020, reforçar o apoio à capacitação para os países em desenvolvimento, inclusive para os países menos desenvolvidos e pequenos Estados insulares em desenvolvimento, para aumentar significativamente a disponibilidade de dados de alta qualidade, atuais e confiáveis, desagregados por renda, gênero, idade, raça, etnia, status migratório, deficiência, localização geográfica e outras características relevantes em contextos nacionais.";"ODS 17";
2025;"192";"ODS Meta 17.19";"Até 2030, valer-se de iniciativas existentes para desenvolver medidas do progresso do desenvolvimento sustentável que complementem o produto interno bruto [PIB] e apoiem a capacitação estatística nos países em desenvolvimento";"ODS 17";
2025;"176";"ODS Meta 17.2";"Países desenvolvidos implementarem plenamente os seus compromissos em matéria de assistência oficial ao desenvolvimento [AOD], inclusive fornecer 0,7% da renda nacional bruta [RNB] em AOD aos países em desenvolvimento, dos quais 0,15% a 0,20% para os países menos desenvolvidos, provedores de AOD são encorajados a considerar a definir uma meta para fornecer pelo menos 0,20% da renda nacional bruta em AOD para os países menos desenvolvidos";"ODS 17";
2025;"177";"ODS Meta 17.3";"Mobilizar recursos financeiros adicionais para os países em desenvolvimento a partir de múltiplas fontes";"ODS 17";
2025;"178";"ODS Meta 17.4";"Ajudar os países em desenvolvimento a alcançar a sustentabilidade da dívida de longo prazo por meio de políticas coordenadas destinadas a promover o financiamento, a redução e a reestruturação da dívida, conforme apropriado, e tratar da dívida externa dos países pobres altamente endividados para reduzir o superendividamento";"ODS 17";
2025;"179";"ODS Meta 17.5";"Adotar e implementar regimes de promoção de investimentos para os países menos desenvolvidos";"ODS 17";
2025;"180";"ODS Meta 17.6";"Melhorar a cooperação Norte-Sul, Sul-Sul e triangular regional e internacional e o acesso à ciência, tecnologia e inovação, e aumentar o compartilhamento de conhecimentos em termos mutuamente acordados, inclusive por meio de uma melhor coordenação entre os mecanismos existentes, particularmente no nível das Nações Unidas, e por meio de um mecanismo de facilitação de tecnologia global ";"ODS 17";
2025;"181";"ODS Meta 17.7";"Promover o desenvolvimento, a transferência, a disseminação e a difusão de tecnologias ambientalmente corretas para os países em desenvolvimento, em condições favoráveis, inclusive em condições concessionais e preferenciais, conforme mutuamente acordado ";"ODS 17";
2025;"182";"ODS Meta 17.8";"Operacionalizar plenamente o Banco de Tecnologia e o mecanismo de capacitação em ciência, tecnologia e inovação para os países menos desenvolvidos até 2017, e aumentar o uso de tecnologias de capacitação, em particular das tecnologias de informação e comunicação ";"ODS 17";
2025;"183";"ODS Meta 17.9";"Reforçar o apoio internacional para a implementação eficaz e orientada da capacitação em países em desenvolvimento, a fim de apoiar os planos nacionais para implementar todos os objetivos de desenvolvimento sustentável, inclusive por meio da cooperação Norte-Sul, Sul-Sul e triangula";"ODS 17";
2025;"234";"ODS META 18.1";"Eliminar o racismo e a discriminação, tanto direta quanto indireta, bem como nas formas múltipla ou agravada, e a intolerância correlata contra os povos indígenas e afrodescendentes nos ambientes públicos e privados de trabalho.";"ODS 18";
2025;"242";"ODS META 18.10";"Eliminar a xenofobia e assegurar que todas as metas anteriores, quando cabíveis, sejam refletidas também no tratamento de imigrantes indígenas e afrodescendentes.";"ODS 18";
2025;"235";"ODS META 18.2";"Eliminar todas as formas de violência contra povos indígenas e afrodescendentes nas esferas pública e privada, levando em conta suas interseccionalidades, em particular o homicídio das juventudes, feminicídio e os resultantes de homofobia e transfobia.";"ODS 18";
2025;"243";"ODS META 18.3";"Garantir aos povos indígenas e afrodescendentes tratamento digno, justo e equânime perante os órgãos do sistema de justiça, de segurança pública e administrativos do Estado, assegurando a efetivação e a ampliação do acesso à justiça e o devido processo legal.";"ODS 18";
2025;"236";"ODS META 18.4";"Garantir a representatividade equitativa dos povos indígenas e afrodescendentes nas instâncias, colegiados e órgãos de Estado e no quadro de pessoal de empresas públicas e privadas, levando em conta a interseccionalidade.";"ODS 18";
2025;"237";"ODS META 18.5";"Promover a reparação integral das violações socioeconômica e cultural, das perdas territoriais e dos impactos ambientais nos territórios dos povos indígenas e afrodescendentes, especialmente os integrantes de comunidades tradicionais, favelas e comunidades urbanas, garantindo o direito à memória, verdade e justiça.";"ODS 18";
2025;"238";"ODS META 18.6";"Assegurar moradias adequadas, seguras e sustentáveis aos povos indígenas e afrodescendentes, incluindo comunidades tradicionais, favelas e comunidades urbanas, com garantia de equipamentos e serviços públicos de qualidade, com especial atenção à população em situação de rua.";"ODS 18";
2025;"239";"ODS META 18.7";"Assegurar o acesso à saúde de qualidade, não discriminatória, para os povos indígenas e afrodescendentes, bem como o respeito às suas culturas e saberes ancestrais, garantido o fortalecimento da saúde pública.";"ODS 18";
2025;"240";"ODS META 18.8";"Assegurar a educação de qualidade e não discriminatória aos afrodescendentes, quilombolas e povos indígenas, bem como o respeito às suas culturas e histórias, garantido o fortalecimento da educação pública.";"ODS 18";
2025;"241";"ODS META 18.9";"Promover o reconhecimento dos saberes dos povos indígenas e afrodescendentes e garantir-lhes a participação nos processos de tomada de decisão na execução de grandes obras e empreendimentos que afetam seus territórios, na exploração econômica da biodiversidade e no acesso ao patrimônio genético e ao conhecimento tradicional associado.";"ODS 18";
2025;"117";"ODS Meta 1.a";"Garantir uma mobilização significativa de recursos a partir de uma variedade de fontes, inclusive por meio do reforço da cooperação para o desenvolvimento, para proporcionar meios adequados e previsíveis para que os países em desenvolvimento, em particular os países menos desenvolvidos, implementem programas e políticas para acabar com a pobreza em todas as suas dimensões";"ODS 1";
2025;"118";"ODS Meta 1.b";"Criar marcos políticos sólidos em níveis nacional, regional e internacional, com base em estratégias de desenvolvimento a favor dos pobres e sensíveis a gênero, para apoiar investimentos acelerados nas ações de erradicação da pobreza";"ODS 1";
2025;"27";"ODS Meta 2.1";"Até 2030, acabar com a fome e garantir o acesso de todas as pessoas, em particular os pobres e pessoas em situações vulneráveis, incluindo crianças, a alimentos seguros, nutritivos e suficientes durante todo o ano. ";"ODS 2";
2025;"29";"ODS Meta 2.2";"Até 2030, acabar com todas as formas de desnutrição, incluindo atingir até 2025 as metas acordadas internacionalmente sobre desnutrição crônica e desnutrição em crianças menores de cinco anos de idade, além de atender às necessidades nutricionais dos adolescentes, mulheres grávidas, lactantes e pessoas idosas. ";"ODS 2";
2025;"28";"ODS Meta 2.3";"Até 2030, dobrar a produtividade agrícola e a renda dos pequenos produtores de alimentos, particularmente das mulheres, povos indígenas, agricultores familiares, pastores e pescadores, inclusive por meio de acesso seguro e igual à terra, e a outros recursos produtivos e insumos, ao conhecimento, serviços financeiros, mercados e oportunidades de agregação de valor e de emprego não-agrícola. ";"ODS 2";
2025;"30";"ODS Meta 2.4";"Até 2030, garantir sistemas sustentáveis de produção de alimentos e implementar práticas agrícolas resilientes, que aumentem a produtividade e a produção, que ajudem a manter os ecossistemas, que fortaleçam a capacidade de adaptação às alterações climáticas, às condições meteorológicas extremas, secas, inundações e outros desastres, e que melhorem progressivamente a qualidade da terra e do solo. ";"ODS 2";
2025;"119";"ODS Meta 2.5";"Até 2020, manter a diversidade genética de sementes, plantas cultivadas, animais de criação e domesticados e suas respectivas espécies selvagens, inclusive por meio de bancos de sementes e plantas diversificados e bem geridos em nível nacional, regional e internacional, e garantir o acesso e a repartição justa e equitativa dos benefícios decorrentes da utilização dos recursos genéticos e conhecimentos tradicionais associados, como acordado internacionalmente";"ODS 2";
2025;"120";"ODS Meta 2.a";"Aumentar o investimento, inclusive via o reforço da cooperação internacional, em infraestrutura rural, pesquisa e extensão de serviços agrícolas, desenvolvimento de tecnologia, e os bancos de genes de plantas e animais, para aumentar a capacidade de produção agrícola nos países em desenvolvimento, em particular nos países menos desenvolvidos";"ODS 2";
2025;"121";"ODS Meta 2.b";"Corrigir e prevenir as restrições ao comércio e distorções nos mercados agrícolas mundiais, incluindo a eliminação paralela de todas as formas de subsídios à exportação e todas as medidas de exportação com efeito equivalente, de acordo com o mandato da Rodada de Desenvolvimento de Doha";"ODS 2";
2025;"122";"ODS Meta 2.c";"Adotar medidas para garantir o funcionamento adequado dos mercados de commodities de alimentos e seus derivados, e facilitar o acesso oportuno à informação de mercado, inclusive sobre as reservas de alimentos, a fim de ajudar a limitar a volatilidade extrema dos preços dos alimentos";"ODS 2";
2025;"31";"ODS Meta 3.1";"Até 2030, reduzir a taxa de mortalidade materna global para menos de 70 mortes por 100.000 nascidos vivos. ";"ODS 3";
2025;"32";"ODS Meta 3.2";"Até 2030, acabar com as mortes evitáveis ??de recém-nascidos e crianças menores de 5 anos, com todos os países objetivando reduzir a mortalidade neonatal para pelo menos 12 por 1.000 nascidos vivos e a mortalidade de crianças menores de 5 anos para pelo menos 25 por 1.000 nascidos vivos. ";"ODS 3";
2025;"35";"ODS Meta 3.3";"Até 2030, acabar com as epidemias de AIDS, tuberculose, malária e doenças tropicais negligenciadas, e combater a hepatite, doenças transmitidas pela água, e outras doenças transmissíveis. ";"ODS 3";
2025;"36";"ODS Meta 3.4";"Até 2030, reduzir em um terço a mortalidade prematura por doenças não transmissíveis (DNTs) via prevenção e tratamento, e promover a saúde mental e o bem-estar. ";"ODS 3";
2025;"37";"ODS Meta 3.5";"Reforçar a prevenção e o tratamento do abuso de substâncias, incluindo o abuso de drogas entorpecentes e uso nocivo do álcool. ";"ODS 3";
2025;"126";"ODS Meta 3.6";"Até 2020, reduzir pela metade as mortes e os ferimentos globais por acidentes em estradas";"ODS 3";
2025;"73";"ODS Meta 3.7";"Até 2030, assegurar o acesso universal aos serviços de saúde sexual e reprodutiva, incluindo o planejamento familiar, informação e educação, bem como a integração da saúde reprodutiva em estratégias e programas nacionais. ";"ODS 3";
2025;"74";"ODS Meta 3.8";"Atingir a cobertura universal de saúde (UHC), incluindo a proteção do risco financeiro, o acesso a serviços de saúde essenciais de qualidade e o acesso a medicamentos e vacinas essenciais seguros, eficazes, de qualidade e a preços acessíveis para todos. ";"ODS 3";
2025;"123";"ODS Meta 3.9";"Até 2030, reduzir substancialmente o número de mortes e doenças por produtos químicos perigosos, contaminação e poluição do ar e água do solo ";"ODS 3";
2025;"124";"ODS Meta 3.a";"Fortalecer a implementação da Convenção-Quadro para o Controle do Tabaco em todos os países, conforme apropriado";"ODS 3";
2025;"75";"ODS Meta 3.b";"Apoiar a pesquisa e o desenvolvimento de vacinas e medicamentos para as doenças transmissíveis e não transmissíveis que afetam principalmente os países em desenvolvimento. Proporcionar o acesso a medicamentos e a vacinas essenciais a preços acessíveis, de acordo com a Declaração de Doha. O documento declara o direito dos países em desenvolvimento de utilizarem plenamente as disposições do acordo TRIPS sobre flexibilidades para proteger a saúde pública e, em particular, proporcionar o acesso a medicamentos para todos. ";"ODS 3";
2025;"125";"ODS Meta 3.c";"Aumentar substancialmente o financiamento da saúde e o recrutamento, desenvolvimento e formação, e retenção do pessoal de saúde nos países em desenvolvimento, especialmente nos países menos desenvolvidos e nos pequenos Estados insulares em desenvolvimento ";"ODS 3";
2025;"76";"ODS Meta 3.d";"Reforçar a capacidade de todos os países, particularmente os em desenvolvimento, para o alerta precoce, redução de riscos e gerenciamento de riscos nacionais e globais de saúde. ";"ODS 3";
2025;"77";"ODS Meta 4.1";"Até 2030, garantir que todas as meninas e meninos completem o ensino primário e secundário livre, equitativo e de qualidade, que conduza a resultados de aprendizagem relevantes e eficazes. ";"ODS 4";
2025;"78";"ODS Meta 4.2";"Até 2030, garantir que todos os meninos e meninas tenham acesso a um desenvolvimento de qualidade na primeira infância, cuidados e educação pré-escolar, de modo que eles estejam prontos para o ensino primário. ";"ODS 4";
2025;"79";"ODS Meta 4.3";"Até 2030, assegurar a igualdade de acesso para todos os homens e mulheres à educação técnica, profissional e superior de qualidade, a preços acessíveis, incluindo universidade. ";"ODS 4";
2025;"80";"ODS Meta 4.4";"Até 2030, aumentar substancialmente o número de jovens e adultos com habilidades relevantes, inclusive competências técnicas e profissionais, para emprego, trabalho decente e empreendedorismo. ";"ODS 4";
2025;"81";"ODS Meta 4.5";"Até 2030, aumentar substancialmente o número de jovens e adultos que tenham habilidades relevantes, inclusive competências técnicas e profissionais, para emprego, trabalho decente e empreendedorismo. ";"ODS 4";
2025;"82";"ODS Meta 4.6";"Até 2030, garantir que todos os jovens (e uma substancial proporção dos adultos, homens e mulheres) estejam alfabetizados e tenham adquirido o conhecimento básico de matemática e português.";"ODS 4";
2025;"83";"ODS Meta 4.7";"Até 2030, garantir que todos os alunos adquiram conhecimentos e habilidades necessárias para promover o desenvolvimento sustentável, inclusive, entre outros, por meio da educação para o desenvolvimento sustentável e estilos de vida sustentáveis, direitos humanos, igualdade de gênero, promoção de uma cultura de paz e não-violência, cidadania global, e valorização da diversidade cultural e da contribuição da cultura para o desenvolvimento sustentável. ";"ODS 4";
2025;"84";"ODS Meta 4.a";"Construir e melhorar instalações físicas para educação apropriadas para crianças e sensíveis às deficiências e ao gênero e que proporcionem ambientes de aprendizagem seguros e não violentos, includentes e eficazes para todos. ";"ODS 4";
2025;"127";"ODS Meta 4.b";"Até 2020, substancialmente ampliar globalmente o número de bolsas de estudo para os países em desenvolvimento, em particular os países menos desenvolvidos, pequenos Estados insulares em desenvolvimento e os países africanos, para o ensino superior, incluindo programas de formação profissional, de tecnologia da informação e da comunicação, técnicos, de engenharia e programas científicos em países desenvolvidos e outros países em desenvolvimento";"ODS 4";
2025;"85";"ODS Meta 4.c";"Até 2030, substancialmente, aumentar o contingente de professores qualificados, inclusive por meio da cooperação internacional para a formação de professores, nos países em desenvolvimento, especialmente os países menos desenvolvidos e SIDS. ";"ODS 4";
2025;"128";"ODS Meta 5.1";"Acabar com todas as formas de discriminação contra todas as mulheres e meninas em toda parte";"ODS 5";
2025;"86";"ODS Meta 5.2";"Eliminar todas as formas de violência contra todas as mulheres e meninas nas esferas públicas e privadas, incluindo o tráfico e exploração sexual e de outros tipos. ";"ODS 5";
2025;"129";"ODS Meta 5.3";"Eliminar todas as práticas nocivas, como os casamentos prematuros, forçados e de crianças e mutilações genitais femininas ";"ODS 5";
2025;"130";"ODS Meta 5.4";"Reconhecer e valorizar o trabalho de assistência e doméstico não remunerado, por meio da disponibilização de serviços públicos, infraestrutura e políticas de proteção social, bem como a promoção da responsabilidade compartilhada dentro do lar e da família, conforme os contextos nacionais ";"ODS 5";
2025;"87";"ODS Meta 5.5";"Garantir a participação plena e efetiva das mulheres e a igualdade de oportunidades para a liderança em todos os níveis de tomada de decisão na vida política, econômica e pública. ";"ODS 5";
2025;"88";"ODS Meta 5.6";"Assegurar o acesso universal à saúde sexual e reprodutiva e aos direitos reprodutivos, como acordado em conformidade com o Programa de Ação da CIPD e da Plataforma de Ação de Pequim e os documentos resultantes de suas conferências de revisão. ";"ODS 5";
2025;"89";"ODS Meta 5.a";"Empreender reformas para dar às mulheres direitos iguais aos recursos econômicos, bem como o acesso à propriedade e controle sobre a terra e outras formas de propriedade, serviços financeiros, herança e os recursos naturais, de acordo com as leis nacionais. ";"ODS 5";
2025;"131";"ODS Meta 5.b";" Aumentar o uso de tecnologias de base, em particular as tecnologias de informação e comunicação, para promover o empoderamento das mulheres";"ODS 5";
2025;"132";"ODS Meta 5.c";"Adotar e fortalecer políticas sólidas e legislação aplicável para a promoção da igualdade de gênero e o empoderamento de todas as mulheres e meninas em todos os níveis";"ODS 5";
2025;"90";"ODS Meta 6.1";"Até 2030, alcançar o acesso universal e equitativo à água potável, segura e acessível para todos. ";"ODS 6";
2025;"91";"ODS Meta 6.2";"Até 2030, alcançar o acesso a saneamento e higiene adequados e equitativos para todos, e acabar com a defecação a céu aberto, com especial atenção para as necessidades das mulheres e meninas e daqueles em situação de vulnerabilidade. ";"ODS 6";
2025;"92";"ODS Meta 6.3";"Até 2030, melhorar a qualidade da água, reduzindo a poluição, eliminando despejo e minimizando a liberação de produtos químicos e materiais perigosos, reduzindo à metade a proporção de águas residuais não tratadas, e aumentando substancialmente a reciclagem e reutilização segura globalmente. ";"ODS 6";
2025;"93";"ODS Meta 6.4";"Até 2030, aumentar substancialmente a eficiência do uso da água em todos os setores e assegurar retiradas sustentáveis e o abastecimento de água doce para enfrentar a escassez de água, e reduzir substancialmente o número de pessoas que sofrem com a escassez de água. ";"ODS 6";
2025;"94";"ODS Meta 6.5";"Até 2030, implementar a gestão integrada dos recursos hídricos em todos os níveis, inclusive via cooperação transfronteiriça, conforme apropriado. ";"ODS 6";
2025;"95";"ODS Meta 6.6";"Até 2020, proteger e restaurar ecossistemas relacionados com a água, incluindo montanhas, florestas, zonas úmidas, rios, aquíferos e lagos. ";"ODS 6";
2025;"133";"ODS Meta 6.a";"Até 2030, ampliar a cooperação internacional e o apoio à capacitação para os países em desenvolvimento em atividades e programas relacionados a água e saneamento, incluindo a coleta de água, a dessalinização, a eficiência no uso da água, o tratamento de efluentes, a reciclagem e as tecnologias de reuso.";"ODS 6";
2025;"96";"ODS Meta 6.b";"Apoiar e fortalecer a participação das comunidades locais, para melhorar a gestão da água e do saneamento. ";"ODS 6";
2025;"97";"ODS Meta 7.1";"Até 2030, assegurar o acesso universal, confiável, moderno e a preços acessíveis aos serviços de energia. ";"ODS 7";
2025;"98";"ODS Meta 7.2";"Aumentar substancialmente a participação de energias renováveis na matriz energética global até 2030. ";"ODS 7";
2025;"99";"ODS Meta 7.3";"Dobrar a taxa global de melhoria da eficiência energética até 2030. ";"ODS 7";
2025;"134";"ODS Meta 7.a";"Até 2030, reforçar a cooperação internacional para facilitar o acesso a pesquisa e tecnologias de energia limpa, incluindo energias renováveis, eficiência energética e tecnologias de combustíveis fósseis avançadas e mais limpas, e promover o investimento em infraestrutura de energia e em tecnologias de energia limpa ";"ODS 7";
2025;"100";"ODS Meta 7.b";"Até 2030, expandir a infraestrutura e modernizar a tecnologia para o fornecimento de serviços de energia modernos e sustentáveis para todos nos países em desenvolvimento, particularmente nos países menos desenvolvidos e SIDS. ";"ODS 7";
2025;"101";"ODS Meta 8.1";"Sustentar o crescimento econômico per capita, de acordo com as circunstâncias nacionais, em particular, de pelo menos um crescimento anual de 7% do PIB nos países menos desenvolvidos. ";"ODS 8";
2025;"136";"ODS Meta 8.10";"Fortalecer a capacidade das instituições financeiras nacionais para incentivar a expansão do acesso aos serviços bancários, de seguros e financeiros para todos ";"ODS 8";
2025;"102";"ODS Meta 8.2";"Atingir níveis mais elevados de produtividade das economias, por meio da diversificação, modernização tecnológica e inovação, inclusive por meio de um foco em setores de alto valor agregado e intensivos em mão-de-obra. ";"ODS 8";
2025;"103";"ODS Meta 8.3";"Promover políticas orientadas para o desenvolvimento, que apoiem as atividades produtivas, geração de emprego decente, empreendedorismo, criatividade e inovação, e incentivar a formalização e o crescimento das micro, pequenas e médias empresas, inclusive por meio do acesso a serviços financeiros. ";"ODS 8";
2025;"104";"ODS Meta 8.4";"Melhorar progressivamente, até 2030, a eficiência dos recursos globais de consumo e produção, e empenhar-se para dissociar o crescimento econômico da degradação ambiental, de acordo com o 'Plano Decenal de Programas Sobre Produção e Consumo Sustentáveis?- com os países desenvolvidos assumindo a liderança. ";"ODS 8";
2025;"105";"ODS Meta 8.5";"Até 2030, alcançar o emprego pleno e produtivo e trabalho decente todas as mulheres e homens, inclusive para os jovens e as pessoas com deficiência, e remuneração igual para trabalho de igual valor. ";"ODS 8";
2025;"106";"ODS Meta 8.6";"Até 2020, reduzir substancialmente a proporção de jovens sem emprego, educação ou formação. ";"ODS 8";
2025;"107";"ODS Meta 8.7";"Tomar medidas imediatas e eficazes para erradicar o trabalho forçado, acabar com a moderna escravidão e tráfico de pessoas, além de assegurar a proibição e eliminação das piores formas de trabalho infantil, incluindo recrutamento e utilização de crianças-soldado. Até 2025 acabar com o trabalho infantil em todas as suas formas. ";"ODS 8";
2025;"135";"ODS Meta 8.8";"Proteger os direitos trabalhistas e promover ambientes de trabalho seguros e protegidos para todos os trabalhadores, incluindo os trabalhadores migrantes, em particular as mulheres migrantes, e pessoas em empregos precários";"ODS 8";
2025;"108";"ODS Meta 8.9";"Até 2030, conceber e implementar políticas para promover o turismo sustentável que gera empregos, promove a cultura e os produtos locais. ";"ODS 8";
2025;"137";"ODS Meta 8.a";"Aumentar o apoio da Iniciativa de Ajuda para o Comércio [Aid for Trade] para os países em desenvolvimento, particularmente os países menos desenvolvidos, inclusive por meio do Quadro Integrado Reforçado para a Assistência Técnica Relacionada com o Comércio para os países menos desenvolvidos ";"ODS 8";
2025;"109";"ODS Meta 8.b";"Até 2020, desenvolver e operacionalizar uma estratégia global para o emprego dos jovens e implementar o Pacto Mundial para o Emprego da OIT. ";"ODS 8";
2025;"110";"ODS Meta 9.1";"Desenvolver infraestrutura de qualidade, confiável, sustentável e resiliente, incluindo infraestrutura regional e transfronteiriça, para apoiar o desenvolvimento econômico e o bem-estar humano, com foco no acesso equitativo e a preços acessíveis para todos. ";"ODS 9";
2025;"111";"ODS Meta 9.2";"Promover a industrialização inclusiva e sustentável e, até 2030, aumentar significativamente a participação da indústria no setor de emprego e no PIB, de acordo com as circunstâncias nacionais, e dobrar sua participação nos países menos desenvolvidos. ";"ODS 9";
2025;"112";"ODS Meta 9.3";"Aumentar o acesso das pequenas indústrias e outras empresas, particularmente em países em desenvolvimento, aos serviços financeiros, incluindo crédito acessível e sua integração em cadeias de valor e mercados. ";"ODS 9";
2025;"113";"ODS Meta 9.4";"Até 2030, modernizar a infraestrutura e reabilitar as indústrias para torná-las sustentáveis, com eficiência no uso de recursos aumentada e maior adoção de tecnologias e processos industriais limpos e ambientalmente corretos, com todos os países atuando de acordo com suas respectivas capacidades. ";"ODS 9";
2025;"138";"ODS Meta 9.5";"Fortalecer a pesquisa científica, melhorar as capacidades tecnológicas de setores industriais em todos os países, particularmente os países em desenvolvimento, inclusive, até 2030, incentivando a inovação e aumentando substancialmente o número de trabalhadores de pesquisa e desenvolvimento por milhão de pessoas e os gastos público e privado em pesquisa e desenvolvimento ";"ODS 9";
2025;"139";"ODS Meta 9.a";"Facilitar o desenvolvimento de infraestrutura sustentável e resiliente em países em desenvolvimento, por meio de maior apoio financeiro, tecnológico e técnico aos países africanos, aos países menos desenvolvidos, aos países em desenvolvimento sem litoral e aos pequenos Estados insulares em desenvolvimento ";"ODS 9";
2025;"140";"ODS Meta 9.b";"Apoiar o desenvolvimento tecnológico, a pesquisa e a inovação nacionais nos países em desenvolvimento, inclusive garantindo um ambiente político propício para, entre outras coisas, a diversificação industrial e a agregação de valor às commodities";"ODS 9";
2025;"114";"ODS Meta 9.c";"Aumentar significativamente o acesso às TIC, e procurar ao máximo oferecer acesso universal e acessível à internet nos países menos desenvolvidos, até 2020. ";"ODS 9";
2025;"193";"Pessoas com Deficiência";"Pessoas com Deficiência";"Agenda Transversal";
2025;"195";"Pessoas Idosas";"Pessoas Idosas";"Agenda Transversal";
2025;"21";"Plano Regional de Desenvolvimento da Amazônia - PRDA";"Atributos do PPA 2024-2027 relacionados ao PL do Plano Regional de Desenvolvimento da Amazônia - PRDA 2024-2027.";"Agenda Transversal Territorial";
2025;"20";"Plano Regional de Desenvolvimento do Centro-Oeste - PRDCO";"Atributos do PPA 2024-2027 relacionados ao PL do Plano Regional de Desenvolvimento do Centro-Oeste - PRDCO 2024-2027.";"Agenda Transversal Territorial";
2025;"23";"Plano Regional de Desenvolvimento do Nordeste - PRDNE";"Atributos do PPA 2024-2027 relacionados ao PL do Plano Regional de Desenvolvimento do Nordeste - PRDNE 2024-2027.";"Agenda Transversal Territorial";
2025;"3";"Povos Indígenas";"A Agenda envolve os programas ?Demarcação e gestão dos territórios indígenas para o bem viver, sustentabilidade e enfrentamento à emergência climáFca?, ?Direitos Pluriétnicos- culturais e sociais para o pleno exercício da cidadania e o bem viver dos povos indígenas?, e ?Saúde Indígena?. Além disso, existem várias outras ações governamentais que favorecem os Povos Indígenas presentes em outros programas, tais como as da agropecuária sustentável que visam promover o uso sustentável das florestas, as da área de educação voltadas aos povos indígenas, diplomacia da sustentabilidade, as de fortalecimento da capacidade produFva da agricultura familiar que favoreçam os povos indígenas etc.";"Agenda Transversal";
2025;"228";"Povos Indígenas: Capacidade institucional";"Povos Indígenas: Capacidade institucional";"Povos Indígenas";
2025;"224";"Povos Indígenas: Cultura e Educação Indígena";"Povos Indígenas: Cultura e Educação Indígena";"Povos Indígenas";
2025;"227";"Povos Indígenas: Direitos Sociais e Cidadania";"Povos Indígenas: Direitos Sociais e Cidadania ";"Povos Indígenas";
2025;"223";"Povos Indígenas: Gestão territorial e ambiental indígena";"Povos Indígenas: Gestão territorial e ambiental indígena";"Povos Indígenas";
2025;"222";"Povos Indígenas: Regularização Fundiária de Terras Indígenas";"Povos Indígenas: Regularização Fundiária de Terras Indígenas";"Povos Indígenas";
2025;"225";"Povos Indígenas: Saúde indígena";"Povos Indígenas: Saúde indígena ";"Povos Indígenas";
2025;"226";"Povos Indígenas: Sociobioeconomia";"Povos Indígenas: Sociobioeconomia";"Povos Indígenas";
2025;"19";"PPA Participativo";"Conteúdo da Participação Social incorporada ao PLPPA";"PPA Participativo";
2025;"196";"Primeira Infância";"Primeira Infância";"Agenda Transversal";
2025;"12";"Saúde ? Atenção Primária e Atenção Especializada";"Saúde ? Atenção Primária e Atenção Especializada";"Prioridade";
